city,female_perc,female,total_count
Claremont,0.1875,15,80
La Verne,0.15862068965517243,69,435
Glendora,0.15625,50,320
E. Pasadena,0.13513513513513514,15,111
West Covina,0.13186813186813187,12,91
